"1,1,""nhut@hotmail"",""Amdrew"",2020-03-15"
"2,2,""surabhi@gmail"",""Cadell"",2020-06-15"
"3,3,""mireyli@gmail"",""Tyeshawn"",2020-01-15"
"4,4,""marieo@gmail"",""Roblyn"",2019-12-15"
"5,5,""evalette@gmail"",""Kaitie"",2020-06-15"
"6,6,""jherica@hotmail"",""Jaycean"",2020-11-15"
"7,7,""tynaisha@gmail"",""Damarria"",2020-11-15"
"8,8,""trendon@gmail"",""Safal"",2020-11-15"
"9,9,""amarley@gmail"",""Argene"",2020-05-15"
"10,10,""germell@gmail"",""Rumana"",2020-01-15"
"11,11,""lilijana@hotmail"",""Mayo"",2020-05-15"
"12,12,""mitsuyo@gmail"",""Eliose"",2020-08-15"
"13,13,""gustava@hotmail"",""Arnee"",2020-02-15"
"14,14,""taree@hotmail"",""Denecia"",2020-11-15"
"15,15,""areni@gmail"",""Saamya"",2020-05-15"
"16,16,""eldamae@gmail"",""Squire"",2020-11-15"
"17,17,""gunar@gmail"",""Taelan"",2020-10-15"
"18,18,""shakaiya@gmail"",""Khallil"",2020-01-15"
"19,19,""adarryl@gmail"",""Karrson"",2019-12-15"
"20,20,""oluwatoyosi@hotmail"",""Dynita"",2020-09-15"
"21,21,""clorie@gmail"",""Mecos"",2020-07-15"
"22,22,""uthman@hotmail"",""Tracker"",2020-04-15"
"23,23,""lilymay@hotmail"",""Shontia"",2020-09-15"
"24,24,""aida@hotmail"",""Lydianna"",2020-05-15"
"25,25,""coryion@gmail"",""Osyrus"",2020-08-15"
"26,26,""khyber@gmail"",""Sharai"",2020-05-15"
"27,27,""inona@hotmail"",""Yannel"",2020-04-15"
"28,28,""leshawna@gmail"",""Jerlyn"",2020-01-15"
"29,29,""zihanna@gmail"",""Kawaun"",2020-01-15"
"30,30,""wales@hotmail"",""Szymon"",2020-09-15"
"31,31,""yazzie@gmail"",""Alizaye"",2020-09-15"
"32,32,""salli@hotmail"",""Rus"",2020-06-15"
"33,33,""eleta@gmail"",""Felisita"",2020-01-15"
"34,34,""lailyn@hotmail"",""Janek"",2019-12-15"
"35,35,""deylen@gmail"",""Jaxzon"",2020-04-15"
"36,36,""chee@hotmail"",""Kaelon"",2020-01-15"
"37,37,""lakie@hotmail"",""Raizel"",2020-09-15"
"38,38,""serrenity@hotmail"",""Mckinzy"",2020-01-15"
"39,39,""aelynn@hotmail"",""Pennelope"",2020-08-15"
"40,40,""surveen@hotmail"",""Raia"",2020-08-15"
"41,41,""drina@gmail"",""Sebastiano"",2020-01-15"
"42,42,""khaleem@hotmail"",""Tabias"",2020-07-15"
"43,43,""heliana@gmail"",""Nyzeth"",2019-12-15"
"44,44,""nekol@hotmail"",""Rudyard"",2020-07-15"
"45,45,""ariadne@hotmail"",""Sandhya"",2020-03-15"
"46,46,""jarius@hotmail"",""Nasrallah"",2020-03-15"
"47,47,""marlesa@hotmail"",""Arnae"",2020-02-15"
"48,48,""torrell@hotmail"",""Jahri"",2019-12-15"
"49,49,""kadee@hotmail"",""Jakierra"",2020-07-15"
"50,50,""schyler@gmail"",""Tasiah"",2019-12-15"
"51,51,""lakysha@hotmail"",""Jennifr"",2020-04-15"
"52,52,""vondra@gmail"",""Maureene"",2020-09-15"
"53,53,""abner@gmail"",""Kenaniah"",2020-11-15"
"54,54,""leahnna@gmail"",""Fredith"",2020-08-15"
"55,55,""jerith@hotmail"",""Deycy"",2020-06-15"
"56,56,""jolieann@hotmail"",""Bon"",2020-03-15"
"57,57,""ijnanya@hotmail"",""Artemio"",2020-02-15"
"58,58,""ginine@hotmail"",""Learoy"",2020-03-15"
"59,59,""lunabella@hotmail"",""Cassadee"",2019-12-15"
"60,60,""jovanna@gmail"",""Delcia"",2020-02-15"
"61,61,""roanan@gmail"",""Yuleimi"",2020-08-15"
"62,62,""natrice@hotmail"",""Marshawna"",2020-07-15"
"63,63,""nataria@hotmail"",""Jacaury"",2020-09-15"
"64,64,""lyzandra@gmail"",""Lorie"",2020-05-15"
"65,65,""durham@hotmail"",""Isairis"",2020-02-15"
"66,66,""cavonte@gmail"",""Hemali"",2020-08-15"
"67,67,""princewill@hotmail"",""Jaylianiz"",2020-10-15"
"68,68,""zohaib@gmail"",""Gracieann"",2020-02-15"
"69,69,""kaelub@gmail"",""Caleyah"",2020-10-15"
"70,70,""gurtie@hotmail"",""Emalie"",2020-02-15"
"71,71,""rileyanne@hotmail"",""Milous"",2020-09-15"
"72,72,""bash@gmail"",""Matildia"",2020-05-15"
"73,73,""satchel@hotmail"",""Antheia"",2020-03-15"
"74,74,""severiano@gmail"",""Jamisa"",2020-07-15"
"75,75,""lameisha@hotmail"",""Tommas"",2020-11-15"
"76,76,""brena@gmail"",""Zacery"",2020-11-15"
"77,77,""ahmeir@gmail"",""Huel"",2020-10-15"
"78,78,""pharyn@hotmail"",""Javyon"",2020-01-15"
"79,79,""ingri@gmail"",""Egan"",2020-04-15"
"80,80,""keorra@hotmail"",""Jemi"",2020-03-15"
"81,81,""magen@gmail"",""Trystian"",2020-01-15"
"82,82,""cynequa@gmail"",""Tonianne"",2020-07-15"
"83,83,""shawday@hotmail"",""Zalman"",2020-01-15"
"84,84,""jontrell@gmail"",""Kenrie"",2020-04-15"
"85,85,""quintaya@hotmail"",""Shabria"",2020-05-15"
"86,86,""shaheim@gmail"",""Natylie"",2020-04-15"
"87,87,""kendrica@hotmail"",""Shelia"",2020-07-15"
"88,88,""willamena@hotmail"",""Chevonda"",2020-08-15"
"89,89,""coran@gmail"",""Jahnavi"",2020-07-15"
"90,90,""sameera@gmail"",""Tribecca"",2020-04-15"
"91,91,""jenesa@hotmail"",""Meital"",2020-07-15"
"92,92,""kaiza@gmail"",""Thorsen"",2020-09-15"
"93,93,""sybilla@hotmail"",""Kedzie"",2020-02-15"
"94,94,""javiair@gmail"",""Lanaja"",2020-08-15"
"95,95,""vernadeen@hotmail"",""Yoshiyuki"",2020-09-15"
"96,96,""immanuel@hotmail"",""Mariaesther"",2020-02-15"
"97,97,""catilaya@gmail"",""Johnecia"",2020-10-15"
"98,98,""massey@gmail"",""Sophat"",2020-05-15"
"99,99,""tinya@gmail"",""Markeia"",2020-03-15"
"100,100,""reeselyn@gmail"",""Jahlynn"",2020-03-15"
"101,101,""wayde@gmail"",""Ladora"",2020-06-15"
"102,102,""zyliah@gmail"",""Evelia"",2020-06-15"
"103,103,""zakiria@gmail"",""Taurian"",2020-01-15"
"104,104,""kerrick@gmail"",""Rystal"",2020-10-15"
"105,105,""tikera@gmail"",""Estrella"",2020-06-15"
"106,106,""carry@gmail"",""Hipolito"",2020-07-15"
"107,107,""mulki@gmail"",""Mayaar"",2020-06-15"
"108,108,""kemilly@gmail"",""Jayahna"",2019-12-15"
"109,109,""keifer@hotmail"",""Ameriyah"",2020-01-15"
"110,110,""timofei@hotmail"",""Chakyra"",2019-12-15"
"111,111,""alijah@hotmail"",""Lucill"",2020-06-15"
"112,112,""ches@hotmail"",""Umaiza"",2020-05-15"
"113,113,""jensine@hotmail"",""Jayonn"",2020-06-15"
"114,114,""donye@gmail"",""Shande"",2019-12-15"
"115,115,""jamian@hotmail"",""Aadhira"",2020-02-15"
"116,116,""tamayah@gmail"",""Burrel"",2020-10-15"
"117,117,""krishnan@hotmail"",""Tyjuana"",2020-10-15"
"118,118,""jacquee@gmail"",""Addley"",2020-02-15"
"119,119,""lish@gmail"",""Dafna"",2020-05-15"
"120,120,""hassain@hotmail"",""Laiken"",2020-06-15"
"121,121,""taelor@hotmail"",""Meshell"",2020-06-15"
"122,122,""rietta@gmail"",""Shaquinn"",2020-09-15"
"123,123,""mudasir@hotmail"",""Wakefield"",2020-03-15"
"124,124,""beandon@hotmail"",""Chasyn"",2020-01-15"
"125,125,""jalexa@hotmail"",""Kaleta"",2020-10-15"
"126,126,""kerrell@gmail"",""Lea"",2020-03-15"
"127,127,""naiyeli@hotmail"",""Liliane"",2020-04-15"
"128,128,""yetziel@gmail"",""Floraine"",2020-07-15"
"129,129,""dalilah@hotmail"",""Renika"",2020-11-15"
"130,130,""onnika@hotmail"",""Satoru"",2020-07-15"
"131,131,""deotis@gmail"",""Nikel"",2020-05-15"
"132,132,""excell@gmail"",""Monesha"",2019-12-15"
"133,133,""sovanna@hotmail"",""Deilani"",2020-08-15"
"134,134,""cheyne@hotmail"",""Milderd"",2020-05-15"
"135,135,""thela@hotmail"",""Aaroosh"",2020-10-15"
"136,136,""travie@hotmail"",""Lindburgh"",2019-12-15"
"137,137,""verneice@gmail"",""Jonithan"",2020-10-15"
"138,138,""earnistine@gmail"",""Vallorie"",2020-01-15"
"139,139,""lanorris@gmail"",""Zanaria"",2020-06-15"
"140,140,""sopheia@hotmail"",""Wyndie"",2020-09-15"
"141,141,""elanur@hotmail"",""Quinnley"",2020-09-15"
"142,142,""linsi@gmail"",""Shandolyn"",2020-10-15"
"143,143,""wylda@hotmail"",""Wilton"",2020-09-15"
"144,144,""jaquandra@hotmail"",""Novalynn"",2019-12-15"
"145,145,""deqa@gmail"",""Doranna"",2020-08-15"
"146,146,""genaya@gmail"",""Jazir"",2020-06-15"
"147,147,""gwynavere@hotmail"",""Lizzet"",2020-03-15"
"148,148,""tharyn@gmail"",""Tawona"",2020-09-15"
"149,149,""tyelor@gmail"",""Alena"",2020-09-15"
"150,150,""ryleigh@hotmail"",""Jasman"",2020-06-15"
"151,151,""jakyla@hotmail"",""Tarica"",2020-09-15"
"152,152,""dayland@gmail"",""Kimba"",2020-11-15"
"153,153,""robertine@hotmail"",""Maclan"",2020-07-15"
"154,154,""lekita@hotmail"",""Shealeigh"",2020-03-15"
"155,155,""daysean@gmail"",""Mikeshia"",2020-02-15"
"156,156,""cystal@gmail"",""Salomae"",2020-07-15"
"157,157,""shaquerra@gmail"",""Natika"",2020-11-15"
"158,158,""martasia@hotmail"",""Mignonne"",2020-05-15"
"159,159,""daiza@hotmail"",""Zakayah"",2020-01-15"
"160,160,""katrese@gmail"",""Inia"",2020-02-15"
"161,161,""haevyn@hotmail"",""Bernest"",2020-02-15"
"162,162,""jazir@gmail"",""Salbador"",2020-05-15"
"163,163,""ilana@gmail"",""Kayloni"",2020-05-15"
"164,164,""kertrina@hotmail"",""Esven"",2020-01-15"
"165,165,""aarish@gmail"",""Aubreeanna"",2020-04-15"
"166,166,""nondus@hotmail"",""Sanjeev"",2020-03-15"
"167,167,""genina@gmail"",""Laklyn"",2020-08-15"
"168,168,""darkiel@hotmail"",""Kessia"",2020-11-15"
"169,169,""kirti@gmail"",""Nykia"",2019-12-15"
"170,170,""amberley@hotmail"",""Jordain"",2020-02-15"
"171,171,""lillion@hotmail"",""Enzzo"",2020-06-15"
"172,172,""zeplin@gmail"",""Joen"",2020-02-15"
"173,173,""shalyssa@gmail"",""Nikia"",2020-05-15"
"174,174,""shakeyra@gmail"",""Ledion"",2020-08-15"
"175,175,""charol@gmail"",""Monnica"",2020-02-15"
"176,176,""joanne@gmail"",""Evalyn"",2020-10-15"
"177,177,""tyjuana@gmail"",""Llovani"",2019-12-15"
"178,178,""kristofer@hotmail"",""Tijera"",2020-05-15"
"179,179,""avonna@gmail"",""Melio"",2020-05-15"
"180,180,""rotasha@gmail"",""Cordarrow"",2020-01-15"
"181,181,""darro@gmail"",""Lovelynn"",2020-06-15"
"182,182,""fleming@gmail"",""Doriene"",2020-06-15"
"183,183,""tyber@hotmail"",""Rosenna"",2020-05-15"
"184,184,""gustine@gmail"",""Ovia"",2020-04-15"
"185,185,""macklin@gmail"",""Daimon"",2020-08-15"
"186,186,""fiana@hotmail"",""Jayze"",2020-07-15"
"187,187,""rishard@hotmail"",""Macklan"",2020-10-15"
"188,188,""shatha@hotmail"",""Emyree"",2020-05-15"
"189,189,""hannha@hotmail"",""Narisa"",2020-03-15"
"190,190,""ezrie@gmail"",""Shong"",2020-11-15"
"191,191,""chelcey@hotmail"",""Geontae"",2020-11-15"
"192,192,""eulanda@gmail"",""Ode"",2020-08-15"
"193,193,""vicci@hotmail"",""Clothilde"",2020-03-15"
"194,194,""takaiya@hotmail"",""Ateeb"",2020-03-15"
"195,195,""gaeton@hotmail"",""Aldeen"",2020-02-15"
"196,196,""jakelynn@hotmail"",""Oder"",2020-11-15"
"197,197,""ord@hotmail"",""Donene"",2019-12-15"
"198,198,""nyazia@gmail"",""Laroderick"",2020-09-15"
"199,199,""mareme@gmail"",""Arjit"",2020-07-15"
"200,200,""mohamad@hotmail"",""Psalms"",2020-04-15"
"201,201,""ellyona@hotmail"",""Adalys"",2020-07-15"
"202,202,""mica@hotmail"",""Curteria"",2020-07-15"
"203,203,""anaiza@gmail"",""Santangelo"",2020-03-15"
"204,204,""aundray@hotmail"",""Rasan"",2020-09-15"
"205,205,""hudeyfa@gmail"",""Givanni"",2020-06-15"
"206,206,""blimi@gmail"",""Shemicka"",2020-03-15"
"207,207,""kymberlynn@gmail"",""Pete"",2020-06-15"
"208,208,""elizar@gmail"",""Jazen"",2020-06-15"
"209,209,""arron@hotmail"",""Safaa"",2020-05-15"
"210,210,""tekeya@hotmail"",""Voshon"",2020-04-15"
"211,211,""nylaya@gmail"",""Keichia"",2020-11-15"
"212,212,""dejay@gmail"",""Gursimran"",2020-05-15"
"213,213,""lucreshia@gmail"",""Curtis"",2020-06-15"
"214,214,""ashaunti@hotmail"",""Trifon"",2020-09-15"
"215,215,""xazavier@hotmail"",""Shiniya"",2020-06-15"
"216,216,""maleisha@gmail"",""Sebern"",2019-12-15"
"217,217,""nanine@gmail"",""Kamaryn"",2020-02-15"
"218,218,""keagan@gmail"",""Allisen"",2020-11-15"
"219,219,""cheire@hotmail"",""Cynde"",2020-05-15"
"220,220,""mikhale@hotmail"",""Leayla"",2020-09-15"
"221,221,""lilika@hotmail"",""Maetta"",2020-06-15"
"222,222,""lucianna@gmail"",""Zarien"",2020-03-15"
"223,223,""paralee@hotmail"",""Aireka"",2020-06-15"
"224,224,""josceline@hotmail"",""Tiffiani"",2020-01-15"
"225,225,""fadra@hotmail"",""Cianny"",2020-03-15"
"226,226,""angeleah@hotmail"",""Demtrius"",2020-11-15"
"227,227,""lashenda@gmail"",""Lauriston"",2020-07-15"
"228,228,""niyaz@gmail"",""Alphie"",2020-01-15"
"229,229,""cevon@gmail"",""Jebria"",2019-12-15"
"230,230,""amarina@gmail"",""Leiann"",2020-04-15"
"231,231,""lanica@gmail"",""Rikkilynn"",2020-11-15"
"232,232,""chyrl@hotmail"",""Danajha"",2020-05-15"
"233,233,""laurece@gmail"",""Sheresse"",2020-08-15"
"234,234,""niyel@gmail"",""Mitsue"",2020-03-15"
"235,235,""dajanai@gmail"",""Lakesa"",2019-12-15"
"236,236,""jhonen@hotmail"",""Corbett"",2019-12-15"
"237,237,""glennis@gmail"",""Lanea"",2020-10-15"
"238,238,""lazar@gmail"",""Abisha"",2020-09-15"
"239,239,""sachiyo@gmail"",""Bertrand"",2019-12-15"
"240,240,""jamarre@gmail"",""Scharlene"",2020-07-15"
"241,241,""graicyn@gmail"",""Retaj"",2020-03-15"
"242,242,""trennon@hotmail"",""Klyn"",2020-06-15"
"243,243,""mandolyn@gmail"",""Vyolette"",2020-06-15"
"244,244,""carista@gmail"",""Berthine"",2020-08-15"
"245,245,""jahzelle@gmail"",""Iosif"",2020-06-15"
"246,246,""joory@gmail"",""Lenola"",2020-02-15"
"247,247,""alshawn@gmail"",""Poseidon"",2020-06-15"
"248,248,""nari@gmail"",""Verlen"",2020-06-15"
"249,249,""taraneka@hotmail"",""Delrick"",2020-04-15"
"250,250,""nickloas@gmail"",""Dunn"",2019-12-15"
"251,251,""romie@gmail"",""Tove"",2020-08-15"
"252,252,""kachina@gmail"",""Nzuri"",2020-03-15"
"253,253,""jazive@gmail"",""Kunio"",2020-04-15"
"254,254,""tyriese@hotmail"",""Taydum"",2020-01-15"
"255,255,""cherryle@hotmail"",""Othello"",2020-11-15"
"256,256,""beauton@gmail"",""Johney"",2020-11-15"
"257,257,""dicky@hotmail"",""Calea"",2020-11-15"
"258,258,""jowan@hotmail"",""Gypsie"",2020-08-15"
"259,259,""donnalyn@hotmail"",""Elmore"",2020-10-15"
"260,260,""dilyla@gmail"",""Ninia"",2020-02-15"
"261,261,""ruthann@gmail"",""Camyia"",2020-08-15"
"262,262,""pippin@gmail"",""Lornalee"",2020-09-15"
"263,263,""canyla@hotmail"",""Leelani"",2020-11-15"
"264,264,""rushun@hotmail"",""Graer"",2020-01-15"
"265,265,""shuntell@hotmail"",""Iyleen"",2020-07-15"
"266,266,""aquera@hotmail"",""Nyisha"",2020-06-15"
"267,267,""tyah@gmail"",""Amis"",2020-01-15"
"268,268,""erda@hotmail"",""Cynthina"",2020-08-15"
"269,269,""damian@gmail"",""Riahnna"",2020-11-15"
"270,270,""kazandra@gmail"",""Syndie"",2020-10-15"
"271,271,""milesha@gmail"",""Andrew"",2020-10-15"
"272,272,""nahja@hotmail"",""Johniah"",2020-11-15"
"273,273,""asacia@gmail"",""Georgine"",2020-11-15"
"274,274,""edwarda@gmail"",""Kiersen"",2020-05-15"
"275,275,""atha@hotmail"",""Tashya"",2020-10-15"
"276,276,""kellie@gmail"",""Shylow"",2020-09-15"
"277,277,""dujon@gmail"",""Exiquio"",2020-03-15"
"278,278,""rodie@gmail"",""Sheara"",2020-01-15"
"279,279,""jamesryan@gmail"",""Masada"",2020-08-15"
"280,280,""mylinh@gmail"",""Victorialynn"",2020-07-15"
"281,281,""sheniece@gmail"",""Joanthan"",2020-04-15"
"282,282,""jacub@hotmail"",""Xiomar"",2020-06-15"
"283,283,""marianita@hotmail"",""Sindhuja"",2020-05-15"
"284,284,""ralon@gmail"",""Katelynne"",2020-06-15"
"285,285,""venissa@gmail"",""Mariachristina"",2020-02-15"
"286,286,""god@hotmail"",""Daegan"",2020-04-15"
"287,287,""marschell@hotmail"",""Miquella"",2020-05-15"
"288,288,""linnette@hotmail"",""Jaramiah"",2020-10-15"
"289,289,""benedetto@hotmail"",""Kylina"",2020-08-15"
"290,290,""rubell@hotmail"",""Anegla"",2020-05-15"
"291,291,""paighton@gmail"",""Fontaine"",2020-03-15"
"292,292,""willes@hotmail"",""Khandice"",2020-02-15"
"293,293,""ruta@hotmail"",""Kirstien"",2020-04-15"
"294,294,""mekeshia@hotmail"",""Lemia"",2020-09-15"
"295,295,""rechel@gmail"",""Uzziah"",2020-01-15"
"296,296,""earlina@hotmail"",""Akila"",2020-01-15"
"297,297,""vishwa@hotmail"",""Isabellah"",2020-02-15"
"298,298,""hasaan@gmail"",""Gabriellah"",2020-05-15"
"299,299,""orlidia@gmail"",""Yanixan"",2020-09-15"
"300,300,""janisse@hotmail"",""Jonlyn"",2020-08-15"
"301,301,""baldemar@hotmail"",""Rosbel"",2020-08-15"
"302,302,""lylis@hotmail"",""Brigid"",2020-03-15"
"303,303,""samih@hotmail"",""Milove"",2020-10-15"
"304,304,""amberly@hotmail"",""Darelle"",2020-11-15"
"305,305,""juliocesar@gmail"",""Uilani"",2020-02-15"
"306,306,""guisell@hotmail"",""Timofey"",2020-06-15"
"307,307,""jaselin@hotmail"",""Kalyiah"",2020-02-15"
"308,308,""shondala@hotmail"",""Winburn"",2020-04-15"
"309,309,""ladarrell@gmail"",""Josegabriel"",2020-02-15"
"310,310,""angelinna@hotmail"",""Jorgina"",2020-07-15"
"311,311,""jidenna@gmail"",""Joaquin"",2020-09-15"
"312,312,""burleigh@gmail"",""Reeva"",2020-05-15"
"313,313,""dendrick@hotmail"",""Mayrelin"",2020-01-15"
"314,314,""euple@gmail"",""Javita"",2020-03-15"
"315,315,""hanayo@hotmail"",""Tayjuan"",2020-05-15"
"316,316,""angla@gmail"",""Rukaya"",2020-04-15"
"317,317,""nathaiel@hotmail"",""Ardyn"",2020-06-15"
"318,318,""azaireyah@hotmail"",""Zebastian"",2020-11-15"
"319,319,""clennie@hotmail"",""Kadjah"",2019-12-15"
"320,320,""ahmod@hotmail"",""Zayli"",2019-12-15"
"321,321,""quran@hotmail"",""Sruthi"",2020-01-15"
"322,322,""minervia@hotmail"",""Apolonio"",2020-11-15"
"323,323,""vlada@gmail"",""Dayvid"",2020-04-15"
"324,324,""aveya@gmail"",""Cataleyah"",2020-05-15"
"325,325,""braniah@gmail"",""Maudrey"",2020-02-15"
"326,326,""shahan@hotmail"",""Takemia"",2019-12-15"
"327,327,""tyesha@gmail"",""Corelle"",2020-08-15"
"328,328,""moctezuma@hotmail"",""Diedre"",2020-07-15"
"329,329,""mohamadali@gmail"",""Saddie"",2020-04-15"
"330,330,""ciannah@gmail"",""Keimara"",2020-11-15"
"331,331,""kaisey@hotmail"",""Daysy"",2020-04-15"
"332,332,""wain@hotmail"",""Coreon"",2020-09-15"
"333,333,""keshondra@gmail"",""Aaditya"",2020-09-15"
"334,334,""thames@gmail"",""Dalevon"",2020-01-15"
"335,335,""valerine@hotmail"",""Eller"",2020-11-15"
"336,336,""nylee@gmail"",""Genissa"",2020-09-15"
"337,337,""lowanna@hotmail"",""Jeanluke"",2020-04-15"
"338,338,""shoshawna@hotmail"",""Avinell"",2020-05-15"
"339,339,""jamiee@gmail"",""Traivon"",2020-06-15"
"340,340,""leberta@hotmail"",""Bubber"",2020-11-15"
"341,341,""isriel@hotmail"",""Wilberth"",2020-04-15"
"342,342,""saviel@gmail"",""Zaidan"",2020-06-15"
"343,343,""zekia@hotmail"",""Shevella"",2020-07-15"
"344,344,""lanel@hotmail"",""Margues"",2020-07-15"
"345,345,""nau@gmail"",""Kalyann"",2020-10-15"
"346,346,""derran@gmail"",""Nikolis"",2020-08-15"
"347,347,""jenecia@hotmail"",""Llasmin"",2020-03-15"
"348,348,""queston@gmail"",""Decklan"",2020-06-15"
"349,349,""alphia@gmail"",""Andela"",2020-01-15"
"350,350,""inioluwa@gmail"",""Tyjuan"",2020-11-15"
"351,351,""shareeka@gmail"",""Gianinna"",2020-11-15"
"352,352,""chicago@hotmail"",""Tamitra"",2020-03-15"
"353,353,""dearius@hotmail"",""Robertjr"",2020-10-15"
"354,354,""habeba@hotmail"",""Khizar"",2019-12-15"
"355,355,""kimiya@gmail"",""Yuxi"",2019-12-15"
"356,356,""vennesa@hotmail"",""Ibraheim"",2020-07-15"
"357,357,""taylee@hotmail"",""Antino"",2020-04-15"
"358,358,""kelia@gmail"",""Json"",2020-03-15"
"359,359,""keyora@hotmail"",""Avira"",2020-01-15"
"360,360,""breyson@hotmail"",""Oluwalonimi"",2020-06-15"
"361,361,""wolcott@gmail"",""Paulinda"",2020-01-15"
"362,362,""vinecia@gmail"",""Jameesha"",2020-08-15"
"363,363,""jameria@gmail"",""Dru"",2020-05-15"
"364,364,""siriana@gmail"",""Breighanna"",2020-09-15"
"365,365,""sinath@gmail"",""Lector"",2020-11-15"
"366,366,""olatokunbo@gmail"",""Suah"",2020-10-15"
"367,367,""roshaad@hotmail"",""Dimond"",2020-08-15"
"368,368,""enda@gmail"",""Lafiamma"",2020-06-15"
"369,369,""trento@hotmail"",""Cayleeann"",2020-07-15"
"370,370,""cythina@gmail"",""Juanetta"",2020-11-15"
"371,371,""xayvier@hotmail"",""Demontra"",2020-08-15"
"372,372,""lua@hotmail"",""Cappie"",2020-06-15"
"373,373,""yoshinobu@gmail"",""Naloni"",2020-06-15"
"374,374,""kaikoa@gmail"",""Nadira"",2020-07-15"
"375,375,""alwayne@gmail"",""Meg"",2020-06-15"
"376,376,""angline@hotmail"",""Tanaisha"",2019-12-15"
"377,377,""daryn@hotmail"",""Zeporia"",2020-03-15"
"378,378,""lemaya@gmail"",""Berneil"",2020-10-15"
"379,379,""tarcha@hotmail"",""Bessy"",2020-03-15"
"380,380,""tychina@hotmail"",""Thresea"",2020-10-15"
"381,381,""khylon@hotmail"",""Lavisha"",2020-07-15"
"382,382,""nicko@gmail"",""Galilee"",2020-11-15"
"383,383,""lauryn@gmail"",""Taneicia"",2020-10-15"
"384,384,""momoyo@hotmail"",""Olayinka"",2020-07-15"
"385,385,""shentel@hotmail"",""Skky"",2020-07-15"
"386,386,""torben@hotmail"",""Aracelys"",2020-06-15"
"387,387,""maddyson@gmail"",""Christopheranth"",2020-11-15"
"388,388,""broch@hotmail"",""Teo"",2020-11-15"
"389,389,""jamara@hotmail"",""Ramoncita"",2020-01-15"
"390,390,""yixin@hotmail"",""Adhitya"",2020-04-15"
"391,391,""leriyah@hotmail"",""Lliam"",2020-04-15"
"392,392,""delore@gmail"",""Giovante"",2020-10-15"
"393,393,""pace@gmail"",""Kaitlain"",2019-12-15"
"394,394,""rheda@gmail"",""Texie"",2020-06-15"
"395,395,""markice@hotmail"",""Ramil"",2020-08-15"
"396,396,""aric@hotmail"",""Georffrey"",2020-04-15"
"397,397,""ellinor@gmail"",""Rachael"",2020-10-15"
"398,398,""keresa@gmail"",""Iliyah"",2020-08-15"
"399,399,""roscoe@gmail"",""Bentely"",2020-09-15"
"400,400,""felando@gmail"",""Kahle"",2020-11-15"
"401,401,""rajuan@gmail"",""Myunique"",2019-12-15"
"402,402,""jazaiya@hotmail"",""Fallen"",2020-06-15"
"403,403,""erendida@hotmail"",""Kd"",2019-12-15"
"404,404,""dunia@gmail"",""Yianna"",2020-09-15"
"405,405,""tenny@gmail"",""Rickye"",2020-03-15"
"406,406,""maylea@hotmail"",""Zeldia"",2020-11-15"
"407,407,""wafi@hotmail"",""Theophila"",2020-10-15"
"408,408,""ellender@gmail"",""Yanairis"",2020-03-15"
"409,409,""sharisa@gmail"",""Karlie"",2020-02-15"
"410,410,""yolani@hotmail"",""Kimball"",2019-12-15"
"411,411,""humberto@hotmail"",""Set"",2020-05-15"
"412,412,""jovanne@hotmail"",""Thiara"",2020-02-15"
"413,413,""satira@gmail"",""Kailiyah"",2020-02-15"
"414,414,""azel@gmail"",""Alanni"",2020-03-15"
"415,415,""lujuan@hotmail"",""Raphaelle"",2020-07-15"
"416,416,""taliyha@gmail"",""Italia"",2020-04-15"
"417,417,""tomako@gmail"",""Hoyett"",2020-02-15"
"418,418,""zacharya@hotmail"",""Hadelyn"",2020-01-15"
"419,419,""dystinee@hotmail"",""Wilmeth"",2020-11-15"
"420,420,""manley@gmail"",""Kazumi"",2020-07-15"
"421,421,""tin@hotmail"",""Josian"",2020-01-15"
"422,422,""dannial@hotmail"",""Ardie"",2020-05-15"
"423,423,""reshana@gmail"",""Kalo"",2020-03-15"
"424,424,""haywood@hotmail"",""Evalisa"",2020-07-15"
"425,425,""genovia@gmail"",""Ajacia"",2020-06-15"
"426,426,""rashun@hotmail"",""Eary"",2020-02-15"
"427,427,""elaura@hotmail"",""Syl"",2019-12-15"
"428,428,""aaruhi@gmail"",""Suehay"",2020-10-15"
"429,429,""dakodah@gmail"",""Starlet"",2020-06-15"
"430,430,""danson@hotmail"",""Abigaille"",2020-08-15"
"431,431,""rawn@hotmail"",""Juleanna"",2020-04-15"
"432,432,""basia@hotmail"",""Jahaziah"",2020-07-15"
"433,433,""carmellia@gmail"",""Anahya"",2020-05-15"
"434,434,""bartolomeo@gmail"",""Adaleen"",2020-05-15"
"435,435,""versel@gmail"",""Beverley"",2020-02-15"
"436,436,""tovias@gmail"",""Bree"",2020-01-15"
"437,437,""muhamed@hotmail"",""Jochebed"",2020-04-15"
"438,438,""latericka@hotmail"",""Ulises"",2020-06-15"
"439,439,""selig@hotmail"",""Dakhia"",2020-04-15"
"440,440,""kaithlynn@hotmail"",""Toscha"",2020-08-15"
"441,441,""evamarie@gmail"",""Mannix"",2020-02-15"
"442,442,""jannat@gmail"",""Rhaheem"",2020-08-15"
"443,443,""xuxa@hotmail"",""Laryiah"",2020-03-15"
"444,444,""monicka@hotmail"",""Inetha"",2020-09-15"
"445,445,""sherylyn@gmail"",""Freman"",2020-08-15"
"446,446,""ruweyda@gmail"",""Cristoval"",2020-04-15"
"447,447,""brando@hotmail"",""Tonnisha"",2020-07-15"
"448,448,""yoshimi@hotmail"",""Rhasaan"",2020-09-15"
"449,449,""maydee@hotmail"",""Honestie"",2020-10-15"
"450,450,""decima@hotmail"",""Caidenn"",2020-02-15"
"451,451,""autym@hotmail"",""Ayce"",2020-04-15"
"452,452,""francsico@hotmail"",""Rodessa"",2019-12-15"
"453,453,""kenidy@hotmail"",""Kavonda"",2020-09-15"
"454,454,""karen@hotmail"",""Cejay"",2020-04-15"
"455,455,""marletta@gmail"",""Princedavid"",2020-06-15"
"456,456,""corlyn@hotmail"",""Yeicelyn"",2020-07-15"
"457,457,""melenie@gmail"",""Emaline"",2020-11-15"
"458,458,""shaira@hotmail"",""Seneque"",2020-03-15"
"459,459,""aubryanna@hotmail"",""Brodyn"",2020-11-15"
"460,460,""spencer@gmail"",""Esabelle"",2020-06-15"
"461,461,""islynn@gmail"",""Kearston"",2020-02-15"
"462,462,""nytrell@gmail"",""Tylah"",2020-07-15"
"463,463,""tamitha@hotmail"",""Archan"",2019-12-15"
"464,464,""mylin@gmail"",""Nainika"",2020-01-15"
"465,465,""lacandis@hotmail"",""Nikoletta"",2020-07-15"
"466,466,""lashandria@gmail"",""Clary"",2020-07-15"
"467,467,""bhavesh@hotmail"",""Chander"",2020-11-15"
"468,468,""brijida@gmail"",""Alexah"",2020-07-15"
"469,469,""riella@hotmail"",""Santrez"",2020-07-15"
"470,470,""jacarri@hotmail"",""Shantera"",2020-04-15"
"471,471,""mavia@gmail"",""Eddison"",2019-12-15"
"472,472,""myki@hotmail"",""Dublin"",2020-04-15"
"473,473,""shenicka@gmail"",""Lajeune"",2020-06-15"
"474,474,""alford@gmail"",""Fardy"",2020-04-15"
"475,475,""lizel@hotmail"",""Faaizah"",2020-11-15"
"476,476,""pankie@hotmail"",""Everlena"",2020-04-15"
"477,477,""vacie@hotmail"",""Moona"",2020-05-15"
"478,478,""demeka@hotmail"",""Darlynda"",2020-02-15"
"479,479,""myrleen@gmail"",""Saban"",2020-09-15"
"480,480,""tye@gmail"",""Zenos"",2020-08-15"
"481,481,""teresia@hotmail"",""Deken"",2020-11-15"
"482,482,""than@gmail"",""Hobbes"",2020-07-15"
"483,483,""chauncie@hotmail"",""Janada"",2020-07-15"
"484,484,""amenah@hotmail"",""Ravindra"",2020-02-15"
"485,485,""hrach@gmail"",""Alyzza"",2020-09-15"
"486,486,""bayani@gmail"",""Lauree"",2020-03-15"
"487,487,""angelline@hotmail"",""Standley"",2020-03-15"
"488,488,""ailine@gmail"",""Aleyla"",2020-10-15"
"489,489,""mekensie@gmail"",""Mariadelos"",2020-02-15"
"490,490,""ketara@gmail"",""Alferdo"",2020-08-15"
"491,491,""matheos@hotmail"",""Perrie"",2020-05-15"
"492,492,""noble@hotmail"",""Jaxxin"",2020-07-15"
"493,493,""hadlee@hotmail"",""Tykayla"",2020-10-15"
"494,494,""brileigh@hotmail"",""Sushant"",2020-05-15"
"495,495,""fatmir@gmail"",""Maddelyn"",2020-05-15"
"496,496,""western@hotmail"",""Jeneba"",2020-06-15"
"497,497,""rosilynn@hotmail"",""Meztly"",2020-08-15"
"498,498,""isaura@hotmail"",""Riddic"",2020-08-15"
"499,499,""syril@gmail"",""Jefry"",2020-10-15"
"500,500,""snya@hotmail"",""Demarri"",2020-11-15"
"501,501,""kissa@hotmail"",""Malex"",2020-02-15"
"502,502,""kyaisha@hotmail"",""Maijah"",2020-09-15"
"503,503,""yaseer@gmail"",""Tahel"",2020-07-15"
"504,504,""azumi@gmail"",""Ivory"",2020-03-15"
"505,505,""krey@gmail"",""Ryler"",2020-06-15"
"506,506,""nassir@gmail"",""Jaderion"",2020-10-15"
"507,507,""milana@hotmail"",""Rinah"",2020-03-15"
"508,508,""priyah@gmail"",""Patt"",2020-10-15"
"509,509,""aylen@hotmail"",""Matika"",2020-07-15"
"510,510,""blondean@hotmail"",""Isibeal"",2020-06-15"
"511,511,""aksha@hotmail"",""Vicktor"",2020-08-15"
"512,512,""zuberi@gmail"",""Genett"",2020-09-15"
"513,513,""arrion@gmail"",""Salvatore"",2020-03-15"
"514,514,""emmalynne@gmail"",""Daishun"",2020-07-15"
"515,515,""brevon@gmail"",""Denard"",2020-04-15"
"516,516,""bernesha@hotmail"",""Madalaine"",2020-09-15"
"517,517,""prospero@gmail"",""Rovon"",2020-05-15"
"518,518,""almitra@gmail"",""Deprise"",2020-09-15"
"519,519,""maybeline@gmail"",""Fostine"",2020-06-15"
"520,520,""dharshini@gmail"",""Maquan"",2020-05-15"
"521,521,""azer@gmail"",""Muneer"",2020-11-15"
"522,522,""sheley@gmail"",""Tahler"",2019-12-15"
"523,523,""yatisha@gmail"",""Everlyn"",2020-10-15"
"524,524,""devari@hotmail"",""Arzie"",2020-07-15"
"525,525,""graylyn@gmail"",""Mahoghany"",2020-05-15"
"526,526,""rosalin@hotmail"",""Foluke"",2019-12-15"
"527,527,""quadere@gmail"",""Mandrell"",2020-06-15"
"528,528,""princejames@gmail"",""Vaneshia"",2020-04-15"
"529,529,""twanna@hotmail"",""Marieka"",2020-09-15"
"530,530,""quintel@gmail"",""Sharareh"",2020-06-15"
"531,531,""chalyse@hotmail"",""Josephthomas"",2020-05-15"
"532,532,""lizethe@gmail"",""Danean"",2020-09-15"
"533,533,""ismay@hotmail"",""Laqueshia"",2020-08-15"
"534,534,""aleshanee@gmail"",""Belen"",2020-07-15"
"535,535,""azalene@hotmail"",""Zeron"",2020-10-15"
"536,536,""datari@gmail"",""Braylynne"",2020-07-15"
"537,537,""rheia@gmail"",""Eman"",2020-11-15"
"538,538,""luvenia@gmail"",""Erikson"",2020-05-15"
"539,539,""shyane@hotmail"",""Navid"",2020-07-15"
"540,540,""delanda@hotmail"",""Gustina"",2020-02-15"
"541,541,""semaje@gmail"",""Kayland"",2020-09-15"
"542,542,""yuko@hotmail"",""Khaleesia"",2019-12-15"
"543,543,""dayqwan@hotmail"",""Tomie"",2020-11-15"
"544,544,""mikeil@hotmail"",""Ashunta"",2019-12-15"
"545,545,""aliceann@gmail"",""Audon"",2020-03-15"
"546,546,""camy@hotmail"",""Medha"",2019-12-15"
"547,547,""maizlyn@gmail"",""Brinton"",2020-10-15"
"548,548,""truma@gmail"",""Dastyn"",2020-09-15"
"549,549,""dekin@gmail"",""Temuujin"",2020-06-15"
"550,550,""jaquasha@gmail"",""Josephene"",2020-11-15"
"551,551,""job@hotmail"",""Clemons"",2020-09-15"
"552,552,""elezabeth@hotmail"",""Jiuliana"",2020-04-15"
"553,553,""sancha@gmail"",""Cheryce"",2020-09-15"
"554,554,""sebern@gmail"",""Ellaya"",2020-01-15"
"555,555,""antorria@gmail"",""Mouad"",2020-02-15"
"556,556,""daijuan@hotmail"",""Markeem"",2020-05-15"
"557,557,""samora@hotmail"",""Jeramyah"",2020-02-15"
"558,558,""denya@gmail"",""Coramae"",2020-03-15"
"559,559,""jmichael@gmail"",""Lido"",2020-05-15"
"560,560,""drenna@hotmail"",""Mayne"",2020-08-15"
"561,561,""denize@gmail"",""Jaidon"",2020-04-15"
"562,562,""pryce@gmail"",""Zamarah"",2020-07-15"
"563,563,""beatrix@hotmail"",""Leahann"",2020-01-15"
"564,564,""sharlisa@hotmail"",""Cyria"",2020-04-15"
"565,565,""everrette@gmail"",""Chrystie"",2020-09-15"
"566,566,""maral@hotmail"",""Sydna"",2020-05-15"
"567,567,""howard@hotmail"",""Cyrenity"",2020-10-15"
"568,568,""lennie@gmail"",""Akyra"",2020-10-15"
"569,569,""nebiyu@hotmail"",""Riplee"",2020-05-15"
"570,570,""gelina@hotmail"",""Perianne"",2020-08-15"
"571,571,""fon@gmail"",""Stevn"",2020-08-15"
"572,572,""opha@gmail"",""Mahirah"",2020-04-15"
"573,573,""alray@gmail"",""Zudie"",2020-02-15"
"574,574,""dhamar@hotmail"",""Falencia"",2020-07-15"
"575,575,""efstratios@hotmail"",""Millia"",2020-03-15"
"576,576,""klevis@hotmail"",""Siren"",2020-10-15"
"577,577,""kirke@gmail"",""Markeise"",2020-04-15"
"578,578,""arvo@hotmail"",""Haskie"",2020-06-15"
"579,579,""johnessa@hotmail"",""Chauntay"",2019-12-15"
"580,580,""aubrionna@hotmail"",""Shaurya"",2020-07-15"
"581,581,""tamijah@hotmail"",""Lira"",2020-01-15"
"582,582,""billy@gmail"",""Kainan"",2019-12-15"
"583,583,""myssiah@gmail"",""Aireyana"",2020-11-15"
"584,584,""floie@hotmail"",""Jewellee"",2020-10-15"
"585,585,""shinnosuke@gmail"",""Krisztian"",2020-09-15"
"586,586,""anisha@hotmail"",""Kaidon"",2020-08-15"
"587,587,""ferlin@hotmail"",""Henri"",2020-07-15"
"588,588,""breina@hotmail"",""Bret"",2020-08-15"
"589,589,""nolana@gmail"",""Indiah"",2020-01-15"
"590,590,""noomi@hotmail"",""Grigory"",2020-09-15"
"591,591,""judene@gmail"",""Alvia"",2020-06-15"
"592,592,""amarre@hotmail"",""Rayveon"",2020-07-15"
"593,593,""alyeska@gmail"",""Masion"",2020-11-15"
"594,594,""rebeccajo@hotmail"",""Laportia"",2020-09-15"
"595,595,""kirina@gmail"",""Salesi"",2020-09-15"
"596,596,""jahbari@hotmail"",""Kelvan"",2020-11-15"
"597,597,""calirae@hotmail"",""Elysium"",2020-10-15"
"598,598,""zaiyan@hotmail"",""Januarie"",2020-07-15"
"599,599,""cirino@hotmail"",""Ivoree"",2020-05-15"
"600,600,""melea@gmail"",""Dassy"",2020-06-15"
"601,601,""daksh@gmail"",""Izma"",2020-05-15"
"602,602,""blakelyn@hotmail"",""Elizar"",2020-10-15"
"603,603,""yankarlo@hotmail"",""Czarina"",2020-07-15"
"604,604,""jamikal@gmail"",""Deuntray"",2020-05-15"
"605,605,""olyvia@gmail"",""Visente"",2020-02-15"
"606,606,""sarye@hotmail"",""Kailub"",2020-04-15"
"607,607,""shalinda@gmail"",""Alirah"",2020-04-15"
"608,608,""niamke@hotmail"",""Herlaine"",2020-03-15"
"609,609,""semhar@hotmail"",""Gaven"",2020-04-15"
"610,610,""deaysia@gmail"",""Nasrin"",2020-10-15"
"611,611,""mika@gmail"",""Vilija"",2019-12-15"
"612,612,""karagan@hotmail"",""Ysidra"",2020-06-15"
"613,613,""dynita@hotmail"",""Montavius"",2020-11-15"
"614,614,""yisleine@gmail"",""Mkaylah"",2020-03-15"
"615,615,""idellia@gmail"",""Acquanetta"",2020-11-15"
"616,616,""tizoc@hotmail"",""Jametta"",2020-09-15"
"617,617,""aeisha@hotmail"",""Bristol"",2020-01-15"
"618,618,""pedrojr@gmail"",""Dezstany"",2020-06-15"
"619,619,""merceda@gmail"",""Zakiyya"",2020-05-15"
"620,620,""zsophia@gmail"",""Tomora"",2020-01-15"
"621,621,""zarihanna@hotmail"",""Cebell"",2020-08-15"
"622,622,""josephjohn@gmail"",""Dazzlyn"",2020-11-15"
"623,623,""daniyah@gmail"",""Rooseve"",2019-12-15"
"624,624,""abdrahman@hotmail"",""Kevaris"",2020-09-15"
"625,625,""shajuan@hotmail"",""Maryemma"",2020-09-15"
"626,626,""alegandro@hotmail"",""Kyrsten"",2020-10-15"
"627,627,""laquesta@gmail"",""Danniell"",2020-05-15"
"628,628,""neah@gmail"",""Asiya"",2020-07-15"
"629,629,""genessi@gmail"",""Gaither"",2020-08-15"
"630,630,""adorion@gmail"",""Faylyn"",2020-04-15"
"631,631,""camila@hotmail"",""Chayni"",2020-01-15"
"632,632,""zikeria@hotmail"",""Kapricia"",2020-07-15"
"633,633,""nigel@gmail"",""Nyari"",2020-05-15"
"634,634,""hartie@gmail"",""Digna"",2020-09-15"
"635,635,""anthonyjoseph@hotmail"",""Coralynn"",2020-09-15"
"636,636,""alohi@hotmail"",""Chien"",2020-03-15"
"637,637,""chano@gmail"",""Tyara"",2020-10-15"
"638,638,""karine@hotmail"",""Rayneshia"",2020-10-15"
"639,639,""kadelyn@hotmail"",""Attallah"",2019-12-15"
"640,640,""delee@gmail"",""Zobeida"",2020-09-15"
"641,641,""dag@gmail"",""Jaquinn"",2020-07-15"
"642,642,""johnnell@hotmail"",""Yanielis"",2020-08-15"
"643,643,""ausbon@gmail"",""Jenyla"",2020-07-15"
"644,644,""owais@gmail"",""Sopheap"",2020-10-15"
"645,645,""alassane@hotmail"",""Haroldean"",2019-12-15"
"646,646,""laytoya@hotmail"",""Koebe"",2019-12-15"
"647,647,""viviane@hotmail"",""Davinity"",2019-12-15"
"648,648,""deeva@hotmail"",""Iiyana"",2020-05-15"
"649,649,""jemel@hotmail"",""Areonia"",2020-03-15"
"650,650,""briannon@gmail"",""Sapheria"",2020-01-15"
"651,651,""donnett@hotmail"",""Sumukh"",2020-08-15"
"652,652,""leneisha@gmail"",""Damiyah"",2020-06-15"
"653,653,""alaetra@gmail"",""Charlotterose"",2020-11-15"
"654,654,""axel@gmail"",""Antwonette"",2020-08-15"
"655,655,""natalle@gmail"",""Vikhyath"",2020-05-15"
"656,656,""nohea@gmail"",""Younis"",2020-05-15"
"657,657,""meiah@hotmail"",""Vereda"",2020-11-15"
"658,658,""kashdyn@hotmail"",""Milburne"",2020-02-15"
"659,659,""shyaira@gmail"",""Tynslee"",2020-07-15"
"660,660,""zade@hotmail"",""Roper"",2020-05-15"
"661,661,""mirena@hotmail"",""Nilza"",2020-11-15"
"662,662,""shawntice@hotmail"",""Jaiana"",2020-11-15"
"663,663,""alexzia@gmail"",""Amiliah"",2020-05-15"
"664,664,""oreen@hotmail"",""Lanndon"",2020-06-15"
"665,665,""tyzae@hotmail"",""Kerryn"",2020-03-15"
"666,666,""rickyia@hotmail"",""Coralia"",2020-01-15"
"667,667,""imajen@gmail"",""Celesse"",2020-01-15"
"668,668,""suejin@hotmail"",""Daviya"",2020-07-15"
"669,669,""lukaus@hotmail"",""Alfy"",2020-08-15"
"670,670,""martina@gmail"",""Amaro"",2020-06-15"
"671,671,""winiford@gmail"",""Eliyas"",2020-02-15"
"672,672,""shawntell@hotmail"",""Damini"",2020-03-15"
"673,673,""tore@gmail"",""Averyana"",2020-03-15"
"674,674,""princeton@gmail"",""Tomeisha"",2020-11-15"
"675,675,""ranijah@gmail"",""Maxamus"",2020-06-15"
"676,676,""sedell@gmail"",""Amandip"",2020-10-15"
"677,677,""freddye@gmail"",""Jahsire"",2019-12-15"
"678,678,""irina@hotmail"",""Zyrin"",2020-02-15"
"679,679,""ginae@gmail"",""Matheu"",2020-03-15"
"680,680,""shwanna@hotmail"",""Imesha"",2019-12-15"
"681,681,""lashieka@gmail"",""Kandrea"",2020-07-15"
"682,682,""frederich@hotmail"",""Cleophis"",2020-08-15"
"683,683,""lenon@gmail"",""Mikaiah"",2020-09-15"
"684,684,""goldman@gmail"",""Arial"",2020-06-15"
"685,685,""tyletha@hotmail"",""Adarious"",2019-12-15"
"686,686,""gwenyvere@hotmail"",""Kaitlynd"",2020-10-15"
"687,687,""oswald@gmail"",""Karandeep"",2020-03-15"
"688,688,""rinoa@hotmail"",""Kavita"",2020-09-15"
"689,689,""chalyce@hotmail"",""Regana"",2020-05-15"
"690,690,""venezia@hotmail"",""Marquisha"",2020-06-15"
"691,691,""timyia@gmail"",""Sanibel"",2020-10-15"
"692,692,""izzabelle@hotmail"",""Timofei"",2020-10-15"
"693,693,""tauja@hotmail"",""Leconte"",2020-02-15"
"694,694,""alanny@hotmail"",""Audriel"",2020-03-15"
"695,695,""marivy@gmail"",""Bedie"",2020-10-15"
"696,696,""kynidee@hotmail"",""Abeer"",2020-02-15"
"697,697,""joao@gmail"",""Phelan"",2020-08-15"
"698,698,""poppie@gmail"",""Jerold"",2020-07-15"
"699,699,""makynzi@hotmail"",""Osby"",2020-11-15"
"700,700,""sierralynn@gmail"",""Richmon"",2019-12-15"
"701,701,""ilee@hotmail"",""Naazir"",2020-11-15"
"702,702,""matas@gmail"",""Kobin"",2020-03-15"
"703,703,""murland@hotmail"",""Osbourne"",2019-12-15"
"704,704,""harrol@hotmail"",""Vance"",2020-04-15"
"705,705,""lajeanne@hotmail"",""Jacolyn"",2020-05-15"
"706,706,""keltie@gmail"",""Treyton"",2020-06-15"
"707,707,""adgie@gmail"",""Jakashia"",2020-06-15"
"708,708,""darek@gmail"",""Vincenzo"",2020-10-15"
"709,709,""linzy@gmail"",""Petros"",2020-11-15"
"710,710,""nialani@hotmail"",""Annaliesa"",2020-05-15"
"711,711,""urica@gmail"",""Essynce"",2020-01-15"
"712,712,""shantivia@gmail"",""Pranati"",2019-12-15"
"713,713,""anterria@gmail"",""Robbey"",2019-12-15"
"714,714,""suhan@gmail"",""Devonne"",2020-02-15"
"715,715,""tamar@hotmail"",""Jacian"",2019-12-15"
"716,716,""henrika@gmail"",""Timberlee"",2019-12-15"
"717,717,""javonnie@gmail"",""Knoxx"",2020-08-15"
"718,718,""prayer@hotmail"",""Jessicamarie"",2020-09-15"
"719,719,""naylan@gmail"",""Eudean"",2020-08-15"
"720,720,""qadeera@hotmail"",""Luiggi"",2020-09-15"
"721,721,""lonne@hotmail"",""Adalin"",2020-10-15"
"722,722,""donnovan@hotmail"",""Leibish"",2020-05-15"
"723,723,""mykena@hotmail"",""Admiral"",2020-03-15"
"724,724,""enaiya@hotmail"",""Yeng"",2020-01-15"
"725,725,""chrstina@hotmail"",""Farol"",2020-05-15"
"726,726,""chelce@gmail"",""Genessee"",2020-09-15"
"727,727,""enajah@hotmail"",""Abriel"",2020-09-15"
"728,728,""rostin@gmail"",""Ozan"",2020-01-15"
"729,729,""graviela@hotmail"",""Hermania"",2020-11-15"
"730,730,""dalayna@hotmail"",""Mohammad"",2020-04-15"
"731,731,""rayauna@gmail"",""Heartlee"",2020-09-15"
"732,732,""coderro@hotmail"",""Azalea"",2020-08-15"
"733,733,""hanady@hotmail"",""Omalee"",2020-04-15"
"734,734,""asaun@hotmail"",""Terrielle"",2020-03-15"
"735,735,""kaynin@gmail"",""Julie"",2020-10-15"
"736,736,""nicolyn@gmail"",""Eain"",2020-03-15"
"737,737,""alexender@gmail"",""Ashvin"",2020-08-15"
"738,738,""danisa@hotmail"",""Janai"",2020-04-15"
"739,739,""hezekyah@gmail"",""Antonina"",2020-10-15"
"740,740,""thandi@hotmail"",""Jhaiden"",2020-03-15"
"741,741,""shastity@gmail"",""Tama"",2020-06-15"
"742,742,""kaicen@gmail"",""Novie"",2020-05-15"
"743,743,""derreon@gmail"",""Reata"",2020-02-15"
"744,744,""niekia@gmail"",""Channer"",2020-02-15"
"745,745,""lakishia@gmail"",""Oday"",2020-04-15"
"746,746,""larrine@gmail"",""Wareef"",2020-07-15"
"747,747,""antonea@gmail"",""Katalena"",2020-06-15"
"748,748,""dheeraj@hotmail"",""Teaya"",2020-11-15"
"749,749,""eldina@hotmail"",""Ruqiya"",2020-06-15"
"750,750,""joanell@hotmail"",""Zaccariah"",2020-01-15"
"751,751,""ames@gmail"",""Erda"",2019-12-15"
"752,752,""kimbelry@gmail"",""Elia"",2020-05-15"
"753,753,""lagretta@hotmail"",""Madoline"",2020-05-15"
"754,754,""rosolino@gmail"",""Shayanne"",2020-08-15"
"755,755,""juny@gmail"",""Ninah"",2020-05-15"
"756,756,""karlea@hotmail"",""Oronde"",2020-09-15"
"757,757,""amy@gmail"",""Javonie"",2019-12-15"
"758,758,""treton@hotmail"",""Lillye"",2020-08-15"
"759,759,""unk@hotmail"",""Dayvonne"",2020-03-15"
"760,760,""leihum@hotmail"",""Ashaunta"",2020-01-15"
"761,761,""chale@gmail"",""Mrytle"",2020-08-15"
"762,762,""jomira@hotmail"",""Shariann"",2020-07-15"
"763,763,""dalten@hotmail"",""Jazzlynn"",2020-01-15"
"764,764,""jahshawn@hotmail"",""Mickal"",2019-12-15"
"765,765,""zowii@hotmail"",""Katrenia"",2019-12-15"
"766,766,""annemary@hotmail"",""Zala"",2020-05-15"
"767,767,""ayomi@gmail"",""Erian"",2020-08-15"
"768,768,""kaven@gmail"",""Jameera"",2020-04-15"
"769,769,""chikezie@gmail"",""Finnigan"",2020-07-15"
"770,770,""lureta@hotmail"",""Jassiah"",2020-05-15"
"771,771,""jovoni@gmail"",""Sammeul"",2020-03-15"
"772,772,""shriyan@gmail"",""Brocton"",2020-07-15"
"773,773,""riyonna@gmail"",""Jazmany"",2020-07-15"
"774,774,""andrya@hotmail"",""Adia"",2020-07-15"
"775,775,""davindra@hotmail"",""Raykwan"",2020-09-15"
"776,776,""sapphire@gmail"",""Tamona"",2020-04-15"
"777,777,""kaybri@gmail"",""Elif"",2020-10-15"
"778,778,""obafemi@gmail"",""Pattyann"",2020-01-15"
"779,779,""shanobia@gmail"",""Shaniqwa"",2020-05-15"
"780,780,""blayk@hotmail"",""Ryanlee"",2020-07-15"
"781,781,""tannin@hotmail"",""Sudan"",2020-03-15"
"782,782,""poem@gmail"",""Neerav"",2020-11-15"
"783,783,""euri@gmail"",""Jaelani"",2020-04-15"
"784,784,""sariel@gmail"",""Celissa"",2020-06-15"
"785,785,""samvel@hotmail"",""Gesselle"",2020-10-15"
"786,786,""marivel@hotmail"",""Jaydie"",2020-03-15"
"787,787,""treron@hotmail"",""Jaydel"",2020-08-15"
"788,788,""euradell@gmail"",""Saksham"",2020-06-15"
"789,789,""quatrell@hotmail"",""Daishana"",2020-03-15"
"790,790,""marco@hotmail"",""Syera"",2020-09-15"
"791,791,""brailynn@gmail"",""Mohagany"",2020-05-15"
"792,792,""keonda@gmail"",""Kaimani"",2020-03-15"
"793,793,""daian@hotmail"",""Vernese"",2020-03-15"
"794,794,""ringo@hotmail"",""Vlora"",2020-04-15"
"795,795,""houghton@hotmail"",""Rosaida"",2019-12-15"
"796,796,""darthula@gmail"",""Meba"",2020-11-15"
"797,797,""momoko@gmail"",""Brieon"",2020-09-15"
"798,798,""zimere@gmail"",""Lydiah"",2020-01-15"
"799,799,""edley@hotmail"",""Morghan"",2020-09-15"
"800,800,""cherye@gmail"",""Airi"",2020-03-15"
"801,801,""codye@gmail"",""Aram"",2020-06-15"
"802,802,""sunee@gmail"",""Laguisha"",2020-11-15"
"803,803,""michaelann@hotmail"",""Theran"",2020-11-15"
"804,804,""jakera@hotmail"",""Mckynzee"",2020-09-15"
"805,805,""ieesha@gmail"",""Letrisha"",2020-02-15"
"806,806,""antonyio@hotmail"",""Shaylla"",2020-10-15"
"807,807,""ashrit@hotmail"",""Kaleef"",2020-02-15"
"808,808,""johnrobert@hotmail"",""Lanah"",2020-04-15"
"809,809,""rylund@hotmail"",""Jamillah"",2020-05-15"
"810,810,""kadis@gmail"",""Tearah"",2020-05-15"
"811,811,""kenzlei@gmail"",""Kalliopi"",2020-08-15"
"812,812,""oluwafisayo@hotmail"",""Yoan"",2020-09-15"
"813,813,""ramina@gmail"",""Shaquela"",2020-05-15"
"814,814,""kiyoko@hotmail"",""Jahid"",2020-01-15"
"815,815,""ishmam@hotmail"",""Crystalmarie"",2020-07-15"
"816,816,""natoshia@gmail"",""Kimbely"",2020-06-15"
"817,817,""navada@hotmail"",""Esaw"",2020-09-15"
"818,818,""edelweiss@hotmail"",""Zamiel"",2020-01-15"
"819,819,""aedin@hotmail"",""Yasmene"",2020-08-15"
"820,820,""andrenae@gmail"",""Lavette"",2020-05-15"
"821,821,""dempsie@hotmail"",""Verree"",2020-06-15"
"822,822,""lailene@gmail"",""Davionne"",2020-09-15"
"823,823,""jywon@hotmail"",""Kalima"",2020-02-15"
"824,824,""jekori@hotmail"",""Sabirah"",2020-01-15"
"825,825,""ebbie@gmail"",""Sachin"",2019-12-15"
"826,826,""janita@hotmail"",""Todo"",2020-09-15"
"827,827,""jovin@hotmail"",""Vara"",2020-10-15"
"828,828,""benoit@gmail"",""Saydee"",2020-10-15"
"829,829,""summerlin@gmail"",""Ramin"",2020-09-15"
"830,830,""lovera@gmail"",""Everard"",2020-02-15"
"831,831,""chermaine@gmail"",""Armaun"",2020-10-15"
"832,832,""azaylee@hotmail"",""Hedwige"",2020-01-15"
"833,833,""maggee@hotmail"",""Andrejs"",2020-08-15"
"834,834,""tashica@hotmail"",""Taejuan"",2020-05-15"
"835,835,""garrit@hotmail"",""Earna"",2020-03-15"
"836,836,""victory@gmail"",""Shigeki"",2020-07-15"
"837,837,""carmesa@gmail"",""Abdulkadir"",2020-02-15"
"838,838,""lakaysha@gmail"",""Remiyah"",2020-05-15"
"839,839,""jiwoo@gmail"",""Jhoanna"",2020-06-15"
"840,840,""hearld@gmail"",""Edrees"",2020-02-15"
"841,841,""elissar@hotmail"",""Amarah"",2020-01-15"
"842,842,""tennison@gmail"",""Ygnacia"",2020-08-15"
"843,843,""valerian@gmail"",""Sadeel"",2020-01-15"
"844,844,""norelis@gmail"",""Benjman"",2020-04-15"
"845,845,""zaelee@hotmail"",""Brace"",2020-04-15"
"846,846,""zaylei@hotmail"",""Danyea"",2020-01-15"
"847,847,""caroldean@gmail"",""Shonya"",2020-08-15"
"848,848,""jillienne@hotmail"",""Joffrey"",2020-07-15"
"849,849,""teaerra@gmail"",""Jerissa"",2020-06-15"
"850,850,""naquita@gmail"",""Lamarious"",2020-04-15"
"851,851,""leslieanne@gmail"",""Shealy"",2020-10-15"
"852,852,""khaylah@gmail"",""Omarr"",2020-08-15"
"853,853,""marquille@hotmail"",""Montserrat"",2020-06-15"
"854,854,""teraji@gmail"",""Lassie"",2020-07-15"
"855,855,""jessiemae@gmail"",""Jae"",2020-06-15"
"856,856,""congetta@hotmail"",""Eubert"",2020-09-15"
"857,857,""ladejah@hotmail"",""Kuwanna"",2020-09-15"
"858,858,""camisa@gmail"",""Chadron"",2019-12-15"
"859,859,""eshana@hotmail"",""Mellany"",2020-08-15"
"860,860,""caliese@gmail"",""Reyniel"",2020-03-15"
"861,861,""axal@hotmail"",""Theresita"",2020-02-15"
"862,862,""lanyla@gmail"",""Aniyaha"",2020-11-15"
"863,863,""kahmal@gmail"",""Daemon"",2020-05-15"
"864,864,""jallisa@hotmail"",""Diavionne"",2020-05-15"
"865,865,""adel@gmail"",""Amiee"",2020-09-15"
"866,866,""kevinanthony@hotmail"",""Demerrick"",2019-12-15"
"867,867,""bernadean@hotmail"",""Rocklynn"",2020-01-15"
"868,868,""puja@hotmail"",""Rakari"",2020-07-15"
"869,869,""bijon@gmail"",""Laurelyn"",2020-08-15"
"870,870,""aideth@hotmail"",""Nakel"",2020-02-15"
"871,871,""jazzarae@hotmail"",""Florabelle"",2020-04-15"
"872,872,""reason@gmail"",""Jaspreet"",2019-12-15"
"873,873,""sadman@hotmail"",""Markis"",2020-08-15"
"874,874,""raevynn@gmail"",""Nawaf"",2020-03-15"
"875,875,""jonnell@gmail"",""Cassi"",2020-03-15"
"876,876,""shetarra@hotmail"",""Silton"",2020-11-15"
"877,877,""weena@gmail"",""Michalene"",2020-10-15"
"878,878,""cleonte@hotmail"",""Romi"",2020-02-15"
"879,879,""tarez@gmail"",""Hiromi"",2020-04-15"
"880,880,""raisean@hotmail"",""Jennaliz"",2020-08-15"
"881,881,""teaire@gmail"",""Carington"",2020-04-15"
"882,882,""vyom@hotmail"",""Jarmila"",2020-04-15"
"883,883,""laqunda@gmail"",""Antoneyo"",2020-08-15"
"884,884,""jashanti@hotmail"",""Trejan"",2020-04-15"
"885,885,""berenda@gmail"",""Briyith"",2020-03-15"
"886,886,""tyenna@gmail"",""Braily"",2020-02-15"
"887,887,""ronalyn@hotmail"",""Kevontae"",2020-05-15"
"888,888,""aabid@gmail"",""Jametrice"",2020-05-15"
"889,889,""armanie@hotmail"",""Mit"",2020-07-15"
"890,890,""brightyn@hotmail"",""Rourke"",2020-03-15"
"891,891,""katilaya@gmail"",""Subhana"",2020-04-15"
"892,892,""codyjames@hotmail"",""Shirena"",2020-10-15"
"893,893,""dariyan@hotmail"",""Lowene"",2020-06-15"
"894,894,""shaquayla@hotmail"",""Tihani"",2020-08-15"
"895,895,""irais@hotmail"",""Elliana"",2020-03-15"
"896,896,""sharlan@hotmail"",""Shatarra"",2020-01-15"
"897,897,""heston@gmail"",""Jaylinn"",2020-11-15"
"898,898,""roiann@gmail"",""Ayyub"",2020-05-15"
"899,899,""wednesday@hotmail"",""Werner"",2020-09-15"
"900,900,""lorenso@gmail"",""Xue"",2020-07-15"
"901,901,""yu@hotmail"",""Baer"",2020-01-15"
"902,902,""chennel@hotmail"",""Tronda"",2020-07-15"
"903,903,""helena@hotmail"",""Marhta"",2020-11-15"
"904,904,""fredreka@gmail"",""Arnika"",2020-10-15"
"905,905,""heartley@gmail"",""Angeleque"",2020-04-15"
"906,906,""buffy@gmail"",""Anthone"",2020-04-15"
"907,907,""franceska@hotmail"",""Latoyna"",2020-11-15"
"908,908,""eldrige@gmail"",""Cutter"",2020-09-15"
"909,909,""dhatri@gmail"",""Drayk"",2020-07-15"
"910,910,""shakeela@gmail"",""Senon"",2020-08-15"
"911,911,""lasheba@hotmail"",""Saivion"",2020-02-15"
"912,912,""roshay@gmail"",""Keragan"",2020-05-15"
"913,913,""jerilyn@hotmail"",""Herald"",2020-08-15"
"914,914,""chineme@hotmail"",""Santiel"",2020-08-15"
"915,915,""jalesse@gmail"",""Tomasa"",2020-09-15"
"916,916,""laida@hotmail"",""Aniecia"",2019-12-15"
"917,917,""finneas@hotmail"",""Matesha"",2020-07-15"
"918,918,""lanyiah@gmail"",""Annalissa"",2020-01-15"
"919,919,""jacquesha@gmail"",""Aahir"",2020-04-15"
"920,920,""amra@hotmail"",""Lidiya"",2020-08-15"
"921,921,""smaran@gmail"",""Iysiss"",2020-11-15"
"922,922,""saydie@hotmail"",""Kealee"",2020-03-15"
"923,923,""bianca@hotmail"",""Kinberli"",2019-12-15"
"924,924,""elijuah@hotmail"",""Jametrius"",2020-01-15"
"925,925,""quaran@gmail"",""Tramiya"",2020-10-15"
"926,926,""kiyona@hotmail"",""Avel"",2020-05-15"
"927,927,""sonnia@hotmail"",""Marcelle"",2020-08-15"
"928,928,""amittai@gmail"",""Akiyah"",2020-10-15"
"929,929,""arietta@hotmail"",""Crystina"",2020-01-15"
"930,930,""shemari@gmail"",""Kaelea"",2020-10-15"
"931,931,""elliett@hotmail"",""Spaulding"",2020-03-15"
"932,932,""tiki@gmail"",""Marilon"",2020-06-15"
"933,933,""nakeita@hotmail"",""Richi"",2020-09-15"
"934,934,""soul@hotmail"",""Lovely"",2020-04-15"
"935,935,""shabaz@gmail"",""Keirrah"",2020-11-15"
"936,936,""willma@hotmail"",""Ezra"",2020-03-15"
"937,937,""lottie@gmail"",""Jerilyn"",2020-03-15"
"938,938,""khristin@hotmail"",""Madysn"",2020-01-15"
"939,939,""glenva@gmail"",""Soli"",2020-03-15"
"940,940,""merl@hotmail"",""Tigerlily"",2019-12-15"
"941,941,""joceline@hotmail"",""Mats"",2020-04-15"
"942,942,""twiggy@hotmail"",""Lakinya"",2020-05-15"
"943,943,""kalen@gmail"",""Stan"",2019-12-15"
"944,944,""hollyn@hotmail"",""Darline"",2020-02-15"
"945,945,""mescal@gmail"",""Uniyah"",2020-03-15"
"946,946,""teneisha@hotmail"",""Lauretta"",2020-07-15"
"947,947,""marri@gmail"",""Maryvel"",2020-05-15"
"948,948,""marqita@gmail"",""Kylee"",2019-12-15"
"949,949,""jonhatan@gmail"",""Casheena"",2020-11-15"
"950,950,""aliesa@gmail"",""Biranna"",2020-08-15"
"951,951,""dearld@hotmail"",""Tyrelle"",2020-04-15"
"952,952,""ceniyah@gmail"",""Zymair"",2020-10-15"
"953,953,""seras@hotmail"",""Uldine"",2020-07-15"
"954,954,""kaslyn@gmail"",""Olyne"",2020-02-15"
"955,955,""teshana@gmail"",""Lumen"",2019-12-15"
"956,956,""maycee@gmail"",""Momo"",2020-10-15"
"957,957,""westley@hotmail"",""Vontrell"",2020-07-15"
"958,958,""celise@gmail"",""Scott"",2020-03-15"
"959,959,""britttany@gmail"",""Tabbetha"",2020-04-15"
"960,960,""jaleigha@gmail"",""Buckner"",2020-06-15"
"961,961,""kristinejoy@hotmail"",""Cevion"",2020-08-15"
"962,962,""vilho@hotmail"",""Trania"",2020-08-15"
"963,963,""cole@hotmail"",""Areia"",2019-12-15"
"964,964,""annaliz@hotmail"",""Josiphine"",2020-03-15"
"965,965,""leighann@gmail"",""Mykila"",2020-05-15"
"966,966,""ammi@hotmail"",""Dekara"",2020-02-15"
"967,967,""niilo@hotmail"",""Kaelani"",2020-07-15"
"968,968,""valissa@hotmail"",""Yoshira"",2020-10-15"
"969,969,""shaunmichael@gmail"",""Aquila"",2020-02-15"
"970,970,""lido@gmail"",""Humbert"",2020-07-15"
"971,971,""wilesha@hotmail"",""Dalet"",2020-03-15"
"972,972,""tarius@gmail"",""Dailee"",2020-05-15"
"973,973,""darus@hotmail"",""Even"",2020-05-15"
"974,974,""sovanny@hotmail"",""Icelene"",2020-06-15"
"975,975,""sylvina@hotmail"",""Mani"",2020-08-15"
"976,976,""taleea@hotmail"",""Shaivi"",2020-06-15"
"977,977,""kamarien@gmail"",""Tishon"",2020-09-15"
"978,978,""liyat@hotmail"",""Moncia"",2020-08-15"
"979,979,""polet@hotmail"",""Shamir"",2020-02-15"
"980,980,""atarah@hotmail"",""Ronreco"",2020-11-15"
"981,981,""brantlee@gmail"",""Malcomb"",2020-02-15"
"982,982,""emely@hotmail"",""Evion"",2020-07-15"
"983,983,""dezmon@hotmail"",""Lynix"",2020-10-15"
"984,984,""nohemy@hotmail"",""Torsten"",2019-12-15"
"985,985,""trishika@gmail"",""Henretter"",2020-06-15"
"986,986,""shanekwa@gmail"",""Johnnia"",2020-04-15"
"987,987,""estefania@hotmail"",""Mete"",2020-06-15"
"988,988,""gilmar@gmail"",""Exzavion"",2020-01-15"
"989,989,""laliyah@hotmail"",""Mahkyla"",2020-03-15"
"990,990,""criztian@hotmail"",""Markdavid"",2020-01-15"
"991,991,""evar@hotmail"",""Deneem"",2020-11-15"
"992,992,""devunta@gmail"",""Reylin"",2020-02-15"
"993,993,""abriyana@hotmail"",""Autmn"",2020-10-15"
"994,994,""daffany@gmail"",""Kit"",2020-11-15"
"995,995,""finnlee@hotmail"",""Annily"",2020-01-15"
"996,996,""demarquise@hotmail"",""Keeta"",2020-07-15"
"997,997,""royalle@gmail"",""Jovani"",2020-05-15"
"998,998,""ismel@gmail"",""Tahron"",2020-11-15"
"999,999,""bianaca@hotmail"",""Livie"",2020-10-15"
"1000,1000,""keaundria@hotmail"",""Teigan"",2020-03-15"
